<world>
    <camera>
        <position x="171" y="94" z="78" />
        <lookAt x="0" y="0" z="0" />
        <up x="0" y="1" z="0" />
        <projection fov="60" near="1" far="1000" />
    </camera>
    <group>
        <group>     <!--sol-->
            <transform>
                <scale x="8" y="8" z="8" />
            </transform>
           
            <models>
                <model file="sphere.3d" />  
            </models>
        </group>

        <group>     <!--mercurio-->
            <transform>
                <translate time="3" align="True">
                    <point x="20.000000" y="0" z="0.000000"/>
                    <point x="16.180340" y="0" z="11.755705"/>
                    <point x="6.180340" y="0" z="19.021130"/>
                    <point x="-6.180340" y="0" z="19.021130"/>
                    <point x="-16.180340" y="0" z="11.755705"/>
                    <point x="-20.000000" y="0" z="0.000000"/>
                    <point x="-16.180340" y="0" z="-11.755705"/>
                    <point x="-6.180340" y="0" z="-19.021130"/>
                    <point x="6.180340" y="0" z="-19.021130"/>
                    <point x="16.180340" y="0" z="-11.755705"/>
		        </translate>
            
                <scale x="1.1" y="1.1" z="1.1"/>
                
            </transform>

             
            <models>
                <model file="sphere.3d"/>       
            </models>
        </group>

        <group>     <!--venus-->
            <transform>
                <translate time="4" align="True">
                    <point x="29.000000" y="0" z="0.000000"/>
                    <point x="23.461493" y="0" z="17.045772"/>
                    <point x="8.961493" y="0" z="27.580639"/>
                    <point x="-8.961493" y="0" z="27.580639"/>
                    <point x="-23.461493" y="0" z="17.045772"/>
                    <point x="-29.000000" y="0" z="0.000000"/>
                    <point x="-23.461493" y="0" z="-17.045772"/>
                    <point x="-8.961493" y="0" z="-27.580639"/>
                    <point x="8.961493" y="0" z="-27.580639"/>
                    <point x="23.461493" y="0" z="-17.045772"/>
		        </translate>
                <scale x="1.05" y="1.05" z="1.05"/>
            </transform>
            <models>
                <model file="sphere.3d"/>       
            </models>
        </group>


        <group>     <!--terra-->
            <transform>
                  <translate time="5" align="True">
                    <point x="39.000000" y="0" z="0.000000"/>
                    <point x="31.551663" y="0" z="22.923625"/>
                    <point x="12.051663" y="0" z="37.091204"/>
                    <point x="-12.051663" y="0" z="37.091204"/>
                    <point x="-31.551663" y="0" z="22.923625"/>
                    <point x="-39.000000" y="0" z="0.000000"/>
                    <point x="-31.551663" y="0" z="-22.923625"/>
                    <point x="-12.051663" y="0" z="-37.091204"/>
                    <point x="12.051663" y="0" z="-37.091204"/>
                    <point x="31.551663" y="0" z="-22.923625"/>
		        </translate>
                <scale x="1.15" y="1.15" z="1.15"/>
            </transform>
            <models>
                <model file="sphere.3d"/>       
            </models>

             <group>     <!--lua-->
            <transform>
                  <translate time="1" align="True">
                    <point x="5.000000" y="0" z="0.000000"/>
                    <point x="4.045085" y="0" z="2.938926"/>
                    <point x="1.545085" y="0" z="4.755283"/>
                    <point x="-1.545085" y="0" z="4.755283"/>
                    <point x="-4.045085" y="0" z="2.938926"/>
                    <point x="-5.000000" y="0" z="0.000000"/>
                    <point x="-4.045085" y="0" z="-2.938926"/>
                    <point x="-1.545085" y="0" z="-4.755283"/>
                    <point x="1.545085" y="0" z="-4.755283"/>
                    <point x="4.045085" y="0" z="-2.938926"/>
		        </translate>
                <scale x="0.5" y="0.5" z="0.5"/>
            </transform>
            <models>
                <model file="sphere.3d"/>       
            </models>
        </group>
        </group>

        <group>     <!--marte-->
            <transform>
                <translate time="6" align="True">
                   <point x="55.000000" y="0" z="0.000000"/>
                    <point x="44.495935" y="0" z="32.328189"/>
                    <point x="16.995935" y="0" z="52.308108"/>
                    <point x="-16.995935" y="0" z="52.308108"/>
                    <point x="-44.495935" y="0" z="32.328189"/>
                    <point x="-55.000000" y="0" z="0.000000"/>
                    <point x="-44.495935" y="0" z="-32.328189"/>
                    <point x="-16.995935" y="0" z="-52.308108"/>
                    <point x="16.995935" y="0" z="-52.308108"/>
                    <point x="44.495935" y="0" z="-32.328189"/>
		        </translate>
                <scale x="0.8" y="0.8" z="0.8"/>
            </transform>
            <models>
                <model file="sphere.3d"/>       
            </models>
        </group>

        <group>     <!--jupiter-->
            <transform>
                <translate time="7" align="True">
                    <point x="68.000000" y="0" z="0.000000"/>
                    <point x="55.013156" y="0" z="39.969397"/>
                    <point x="21.013156" y="0" z="64.671843"/>
                    <point x="-21.013156" y="0" z="64.671843"/>
                    <point x="-55.013156" y="0" z="39.969397"/>
                    <point x="-68.000000" y="0" z="0.000000"/>
                    <point x="-55.013156" y="0" z="-39.969397"/>
                    <point x="-21.013156" y="0" z="-64.671843"/>
                    <point x="21.013156" y="0" z="-64.671843"/>
                    <point x="55.013156" y="0" z="-39.969397"/>
		        </translate>
                <scale x="4.8" y="4.8" z="4.8"/>
            </transform>
            <models>
                <model file="sphere.3d"/>       
            </models>
        </group>


        <group>     <!--saturno-->
            <group>
                <transform>
                    <translate time="8" align="True">
                        <point x="85.000000" y="0" z="0.000000"/>
                        <point x="68.766445" y="0" z="49.961746"/>
                        <point x="26.266445" y="0" z="80.839804"/>
                        <point x="-26.266445" y="0" z="80.839804"/>
                        <point x="-68.766445" y="0" z="49.961746"/>
                        <point x="-85.000000" y="0" z="0.000000"/>
                        <point x="-68.766445" y="0" z="-49.961746"/>
                        <point x="-26.266445" y="0" z="-80.839804"/>
                        <point x="26.266445" y="0" z="-80.839804"/>
                        <point x="68.766445" y="0" z="-49.961746"/>
		        </translate>
                    <scale x="3.8" y="3.8" z="3.8"/>
                    </transform>
                <models>
                    <model file="sphere.3d"/>       
                </models>
            </group>
            <group>
                <transform>
                    <rotate angle="0" x="15" y="0" z="0" />
                      <translate time="8" align="True">
                            <point x="85.000000" y="0" z="0.000000"/>
                            <point x="68.766445" y="0" z="49.961746"/>
                            <point x="26.266445" y="0" z="80.839804"/>
                            <point x="-26.266445" y="0" z="80.839804"/>
                            <point x="-68.766445" y="0" z="49.961746"/>
                            <point x="-85.000000" y="0" z="0.000000"/>
                            <point x="-68.766445" y="0" z="-49.961746"/>
                            <point x="-26.266445" y="0" z="-80.839804"/>
                            <point x="26.266445" y="0" z="-80.839804"/>
                            <point x="68.766445" y="0" z="-49.961746"/>
		              </translate>
                    <scale x="7.2" y="0" z="7.2"/>
                </transform>
                <models>
                    <model file="torus.3d" />
                </models>
            </group>
        </group>

        <group>     <!--urano-->
            <transform>
                <translate time="9" align="True">
                        <point x="100.000000" y="0" z="0.000000"/>
                        <point x="80.901699" y="0" z="58.778525"/>
                        <point x="30.901699" y="0" z="95.105652"/>
                        <point x="-30.901699" y="0" z="95.105652"/>
                        <point x="-80.901699" y="0" z="58.778525"/>
                        <point x="-100.000000" y="0" z="0.000000"/>
                        <point x="-80.901699" y="0" z="-58.778525"/>
                        <point x="-30.901699" y="0" z="-95.105652"/>
                        <point x="30.901699" y="0" z="-95.105652"/>
                        <point x="80.901699" y="0" z="-58.778525"/>
		        </translate>
                <scale x="2.8" y="2.8" z="2.8"/>
            </transform>
            <models>
                <model file="sphere.3d"/>       
            </models>
        </group>

        <group>     <!--neptuno-->
            <transform>
            <translate time="10" align="True">
                <point x="110.000000" y="0" z="0.000000"/>
                <point x="88.991869" y="0" z="64.656378"/>
                <point x="33.991869" y="0" z="104.616217"/>
                <point x="-33.991869" y="0" z="104.616217"/>
                <point x="-88.991869" y="0" z="64.656378"/>
                <point x="-110.000000" y="0" z="0.000000"/>
                <point x="-88.991869" y="0" z="-64.656378"/>
                <point x="-33.991869" y="0" z="-104.616217"/>
                <point x="33.991869" y="0" z="-104.616217"/>
                <point x="88.991869" y="0" z="-64.656378"/>
		        </translate>
                 <scale x="2.6" y="2.6" z="2.6"/>
            </transform>
            <models>
                <model file="sphere.3d"/>       
            </models>
        </group>

         <group>     <!--asteroid-->
            <transform>
            <translate time="20" align="True">
                <point x="-120.000000" y="0" z="0.000000"/>
                <point x="-115.200000" y="0" z="42.000000"/>
                <point x="-110.400000" y="0" z="58.787754"/>
                <point x="-105.600000" y="0" z="71.246053"/>
                <point x="-100.800000" y="0" z="81.387960"/>
                <point x="-96.000000" y="0" z="90.000000"/>
                <point x="-91.200000" y="0" z="97.488461"/>
                <point x="-86.400000" y="0" z="104.096109"/>
                <point x="-81.600000" y="0" z="109.981817"/>
                <point x="-76.800000" y="0" z="115.256236"/>
                <point x="-72.000000" y="0" z="120.000000"/>
                <point x="-67.200000" y="0" z="124.273891"/>
                <point x="-62.400000" y="0" z="128.124939"/>
                <point x="-57.600000" y="0" z="131.590273"/>
                <point x="-52.800000" y="0" z="134.699666"/>
                <point x="-48.000000" y="0" z="137.477271"/>
                <point x="-43.200000" y="0" z="139.942845"/>
                <point x="-38.400000" y="0" z="142.112631"/>
                <point x="-33.600000" y="0" z="144.000000"/>
                <point x="-28.800000" y="0" z="145.615933"/>
                <point x="-24.000000" y="0" z="146.969385"/>
                <point x="-19.200000" y="0" z="148.067552"/>
                <point x="-14.400000" y="0" z="148.916084"/>
                <point x="-9.600000" y="0" z="149.519230"/>
                <point x="-4.800000" y="0" z="149.879952"/>
                <point x="-0.000000" y="0" z="150.000000"/>
                <point x="4.800000" y="0" z="149.879952"/>
                <point x="9.600000" y="0" z="149.519230"/>
                <point x="14.400000" y="0" z="148.916084"/>
                <point x="19.200000" y="0" z="148.067552"/>
                <point x="24.000000" y="0" z="146.969385"/>
                <point x="28.800000" y="0" z="145.615933"/>
                <point x="33.600000" y="0" z="144.000000"/>
                <point x="38.400000" y="0" z="142.112631"/>
                <point x="43.200000" y="0" z="139.942845"/>
                <point x="48.000000" y="0" z="137.477271"/>
                <point x="52.800000" y="0" z="134.699666"/>
                <point x="57.600000" y="0" z="131.590273"/>
                <point x="62.400000" y="0" z="128.124939"/>
                <point x="67.200000" y="0" z="124.273891"/>
                <point x="72.000000" y="0" z="120.000000"/>
                <point x="76.800000" y="0" z="115.256236"/>
                <point x="81.600000" y="0" z="109.981817"/>
                <point x="86.400000" y="0" z="104.096109"/>
                <point x="91.200000" y="0" z="97.488461"/>
                <point x="96.000000" y="0" z="90.000000"/>
                <point x="100.800000" y="0" z="81.387960"/>
                <point x="105.600000" y="0" z="71.246053"/>
                <point x="110.400000" y="0" z="58.787754"/>
                <point x="115.200000" y="0" z="42.000000"/>
                <point x="120.000000" y="0" z="0.000006"/>
                <point x="115.200000" y="0" z="-42.000000"/>
                <point x="110.400000" y="0" z="-58.787754"/>
                <point x="105.600000" y="0" z="-71.246053"/>
                <point x="100.800000" y="0" z="-81.387960"/>
                <point x="96.000000" y="0" z="-90.000000"/>
                <point x="91.200000" y="0" z="-97.488461"/>
                <point x="86.400000" y="0" z="-104.096109"/>
                <point x="81.600000" y="0" z="-109.981817"/>
                <point x="76.800000" y="0" z="-115.256236"/>
                <point x="72.000000" y="0" z="-120.000000"/>
                <point x="67.200000" y="0" z="-124.273891"/>
                <point x="62.400000" y="0" z="-128.124939"/>
                <point x="57.600000" y="0" z="-131.590273"/>
                <point x="52.800000" y="0" z="-134.699666"/>
                <point x="48.000000" y="0" z="-137.477271"/>
                <point x="43.200000" y="0" z="-139.942845"/>
                <point x="38.400000" y="0" z="-142.112631"/>
                <point x="33.600000" y="0" z="-144.000000"/>
                <point x="28.800000" y="0" z="-145.615933"/>
                <point x="24.000000" y="0" z="-146.969385"/>
                <point x="19.200000" y="0" z="-148.067552"/>
                <point x="14.400000" y="0" z="-148.916084"/>
                <point x="9.600000" y="0" z="-149.519230"/>
                <point x="4.800000" y="0" z="-149.879952"/>
                <point x="0.000000" y="0" z="-150.000000"/>
                <point x="-4.800000" y="0" z="-149.879952"/>
                <point x="-9.600000" y="0" z="-149.519230"/>
                <point x="-14.400000" y="0" z="-148.916084"/>
                <point x="-19.200000" y="0" z="-148.067552"/>
                <point x="-24.000000" y="0" z="-146.969385"/>
                <point x="-28.800000" y="0" z="-145.615933"/>
                <point x="-33.600000" y="0" z="-144.000000"/>
                <point x="-38.400000" y="0" z="-142.112631"/>
                <point x="-43.200000" y="0" z="-139.942845"/>
                <point x="-48.000000" y="0" z="-137.477271"/>
                <point x="-52.800000" y="0" z="-134.699666"/>
                <point x="-57.600000" y="0" z="-131.590273"/>
                <point x="-62.400000" y="0" z="-128.124939"/>
                <point x="-67.200000" y="0" z="-124.273891"/>
                <point x="-72.000000" y="0" z="-120.000000"/>
                <point x="-76.800000" y="0" z="-115.256236"/>
                <point x="-81.600000" y="0" z="-109.981817"/>
                <point x="-86.400000" y="0" z="-104.096109"/>
                <point x="-91.200000" y="0" z="-97.488461"/>
                <point x="-96.000000" y="0" z="-90.000000"/>
                <point x="-100.800000" y="0" z="-81.387960"/>
                <point x="-105.600000" y="0" z="-71.246053"/>
                <point x="-110.400000" y="0" z="-58.787754"/>
                <point x="-115.200000" y="0" z="-42.000000"/>
        



		        </translate>
                 <scale x="1" y="1" z="1"/>
            </transform>
            <models>
                <model file="bezier.3d"/>       
            </models>
        </group>

    </group>
</world>