<world>
    <camera>
        <position x="150" y="50" z="50" />
        <lookAt x="0" y="0" z="0" />
        <up x="0" y="1" z="0" />
        <projection fov="60" near="1" far="1000" />
    </camera>
    <group>
        <group>     <!--sol-->
            <transform>
                <scale x="8" y="8" z="8" />
            </transform>
            <models>
                <model file="sphere.3d" />
            </models>
        </group>

        <group>     <!--mercurio-->
            <transform>
                <translate x="18" y="0" z="0"/>
                <scale x="0.95" y="0.95" z="0.95"/>
            </transform>
            <models>
                <model file="sphere.3d"/>
            </models>
        </group>

        <group>     <!--venus-->
            <transform>
                <translate x="23" y="0" z="0"/>
                <scale x="0.9" y="0.9" z="0.9"/>
            </transform>
            <models>
                <model file="sphere.3d"/>
            </models>
        </group>


        <group>     <!--terra-->
            <transform>
                <translate x="28" y="0" z="0"/>
                <scale x="0.95" y="0.95" z="0.95"/>
            </transform>
            <models>
                <model file="sphere.3d"/>
            </models>
        </group>

        <group>     <!--marte-->
            <transform>
                <translate x="32" y="0" z="0"/>
                <scale x="0.5" y="0.5" z="0.5"/>
            </transform>
            <models>
                <model file="sphere.3d"/>
            </models>
        </group>

        <group>     <!--jupiter-->
            <transform>
                <translate x="43" y="0" z="0"/>
                <scale x="4.5" y="4.5" z="4.5"/>
            </transform>
            <models>
                <model file="sphere.3d"/>
            </models>
        </group>


        <group>     <!--saturno-->
            <group>
                <transform>
                    <translate x="63" y="0" z="0"/>
                    <scale x="3.5" y="3.5" z="3.5"/>
                </transform>
                <models>
                    <model file="sphere.3d"/>
                </models>
            </group>
            <group>
                <transform>
                    <rotate angle="10" x="1" y="0" z="0" />
                    <translate x="63" y="0" z="0" />
                    <scale x="7" y="0" z="7"/>
                </transform>
                <models>
                    <model file="torus.3d" />
                </models>
            </group>
        </group>

        <group>     <!--urano-->
            <transform>
                <translate x="78" y="0" z="0"/>
                <scale x="2.5" y="2.5" z="2.5"/>
            </transform>
            <models>
                <model file="sphere.3d"/>
            </models>
        </group>

        <group>     <!--neptuno-->
            <transform>
                <translate x="90" y="0" z="0"/>
                <scale x="2.4" y="2.4" z="2.4"/>
            </transform>
            <models>
                <model file="sphere.3d"/>
            </models>
        </group>
    </group>
</world>