<world>
    <camera>
        <position x="171" y="94" z="78" />
        <lookAt x="0" y="0" z="0" />
        <up x="0" y="1" z="0" />
        <projection fov="50" near="1" far="1500" />
    </camera>
    <group>
    
    
    	<group>     <!--SKYBOX-->
            <transform>
                <scale x="300" y="300" z="300" />
            </transform>
           
            <models>
                <model file="boxUpsideDown.3d">
                <texture file = "stars.jpg" />
                </model>
                 
            </models>
        </group>
    
    
        <group>     <!--sol-->
            <transform>
                <scale x="8" y="8" z="8" />
            </transform>
           
            <models>
                <model file="sphere.3d">
                <texture file = "sun.jpg" />
                </model>
                 
            </models>
        </group>

        <group>     <!--mercurio-->
            <transform>
                <translate time="1" align="True">
                		<point x="40.000000" y="0" z="0.000000"/>
				<point x="32.360680" y="0" z="23.511410"/>
				<point x="12.360680" y="0" z="38.042261"/>
				<point x="-12.360680" y="0" z="38.042261"/>
				<point x="-32.360680" y="0" z="23.511410"/>
				<point x="-40.000000" y="0" z="0.000000"/>
				<point x="-32.360680" y="0" z="-23.511410"/>
				<point x="-12.360680" y="0" z="-38.042261"/>
				<point x="12.360680" y="0" z="-38.042261"/>
				<point x="32.360680" y="0" z="-23.511410"/>

		 </translate>
            
                <scale x="2.1" y="2.1" z="2.1"/>
                
            </transform>

             
            <models>
                <model file="sphere.3d">
                <texture file = "mercurio.jpg" />
                </model>       
            </models>
        </group>

        <group>     <!--venus-->
            <transform>
                <translate time="2" align="True">
                   <point x="60.000000" y="0" z="0.000000"/>
		   <point x="48.541020" y="0" z="35.267115"/>
		   <point x="18.541020" y="0" z="57.063391"/>
		   <point x="-18.541020" y="0" z="57.063391"/>
		   <point x="-48.541020" y="0" z="35.267115"/>
		   <point x="-60.000000" y="0" z="0.000000"/>
		   <point x="-48.541020" y="0" z="-35.267115"/>
		   <point x="-18.541020" y="0" z="-57.063391"/>
		   <point x="18.541020" y="0" z="-57.063391"/>
		   <point x="48.541020" y="0" z="-35.267115"/>
		        </translate>
                <scale x="2.05" y="2.05" z="2.05"/>
            </transform>
             <models>
                <model file="sphere.3d">
                <texture file = "venus.jpg" />
                </model>       
            </models>
        </group>


        <group>     <!--terra-->
            <transform>
                  <translate time="3" align="True">
                    <point x="90.000000" y="0" z="0.000000"/>
		    <point x="72.811529" y="0" z="52.900673"/>
		    <point x="27.811529" y="0" z="85.595086"/>
		    <point x="-27.811529" y="0" z="85.595086"/>
		    <point x="-72.811529" y="0" z="52.900673"/>
		    <point x="-90.000000" y="0" z="0.000000"/>
		    <point x="-72.811529" y="0" z="-52.900673"/>
		    <point x="-27.811529" y="0" z="-85.595086"/>
		    <point x="27.811529" y="0" z="-85.595086"/>
		    <point x="72.811529" y="0" z="-52.900673"/>
		        </translate>
                <scale x="2.15" y="2.15" z="2.15"/>
            </transform>
             <models>
                <model file="sphere.3d">
                <texture file = "terra.jpg" />
                </model>       
            </models>

             <group>     <!--lua-->
            <transform>
                  <translate time="4" align="True">
                    <point x="5.000000" y="0" z="0.000000"/>
                    <point x="4.045085" y="0" z="2.938926"/>
                    <point x="1.545085" y="0" z="4.755283"/>
                    <point x="-1.545085" y="0" z="4.755283"/>
                    <point x="-4.045085" y="0" z="2.938926"/>
                    <point x="-5.000000" y="0" z="0.000000"/>
                    <point x="-4.045085" y="0" z="-2.938926"/>
                    <point x="-1.545085" y="0" z="-4.755283"/>
                    <point x="1.545085" y="0" z="-4.755283"/>
                    <point x="4.045085" y="0" z="-2.938926"/>
		        </translate>
                <scale x="0.5" y="0.5" z="0.5"/>
            </transform>
             <models>
                <model file="sphere.3d">
                <texture file = "lua.jpg" />
                </model>       
            </models>
        </group>
        </group>

        <group>     <!--marte-->
            <transform>
                <translate time="5" align="True">
                   <point x="120.000000" y="0" z="0.000000"/>
	           <point x="97.082039" y="0" z="70.534230"/>
		   <point x="37.082039" y="0" z="114.126782"/>
		   <point x="-37.082039" y="0" z="114.126782"/>
		   <point x="-97.082039" y="0" z="70.534230"/>
	           <point x="-120.000000" y="0" z="0.000000"/>
	           <point x="-97.082039" y="0" z="-70.534230"/>
	           <point x="-37.082039" y="0" z="-114.126782"/>
		   <point x="37.082039" y="0" z="-114.126782"/>
		   <point x="97.082039" y="0" z="-70.534230"/>
		        </translate>
                <scale x="1.8" y="1.8" z="1.8"/>
            </transform>
             <models>
                <model file="sphere.3d">
                <texture file = "marte.jpg" />
                </model>       
            </models>
        </group>
        
        <group>     <!--Jupiter-->
            <transform>
                <translate time="6" align="True">
                   <point x="150.000000" y="0" z="0.000000"/>
		   <point x="121.352549" y="0" z="88.167788"/>
		   <point x="46.352549" y="0" z="142.658477"/>
		   <point x="-46.352549" y="0" z="142.658477"/>
		   <point x="-121.352549" y="0" z="88.167788"/>
		   <point x="-150.000000" y="0" z="0.000000"/>
		   <point x="-121.352549" y="0" z="-88.167788"/>
	           <point x="-46.352549" y="0" z="-142.658477"/>
		   <point x="46.352549" y="0" z="-142.658477"/>
		   <point x="121.352549" y="0" z="-88.167788"/>
		</translate>
                <scale x="4.8" y="4.8" z="4.8"/>
            </transform>
             <models>
                <model file="sphere.3d">
                <texture file = "jupiter.jpg" />
                </model>       
            </models>
        </group>
        
        
          <group>     <!--Saturno-->
            <transform>
                <translate time="7" align="True">
                	<point x="200.000000" y="0" z="0.000000"/>
			<point x="161.803399" y="0" z="117.557050"/>
			<point x="61.803399" y="0" z="190.211303"/>
			<point x="-61.803399" y="0" z="190.211303"/>
			<point x="-161.803399" y="0" z="117.557050"/>
			<point x="-200.000000" y="0" z="0.000000"/>
			<point x="-161.803399" y="0" z="-117.557050"/>
			<point x="-61.803399" y="0" z="-190.211303"/>
			<point x="61.803399" y="0" z="-190.211303"/>
			<point x="161.803399" y="0" z="-117.557050"/>
		</translate>
                <scale x="4" y="4" z="4"/>
            </transform>
             <models>
                <model file="sphere.3d">
                <texture file = "saturno.jpg" />
                </model>       
            </models>
        </group>
        
        
        
        <group>     <!--Urano-->
            <transform>
                <translate time="8" align="True">
                	<point x="240.000000" y="0" z="0.000000"/>
			        <point x="194.164079" y="0" z="141.068461"/>
			        <point x="74.164079" y="0" z="228.253564"/>
			        <point x="-74.164079" y="0" z="228.253564"/>
			        <point x="-194.164079" y="0" z="141.068461"/>
			        <point x="-240.000000" y="0" z="0.000000"/>
			        <point x="-194.164079" y="0" z="-141.068461"/>
			        <point x="-74.164079" y="0" z="-228.253564"/>
			        <point x="74.164079" y="0" z="-228.253564"/>
			        <point x="194.164079" y="0" z="-141.068461"/>
		        </translate>
                <scale x="3" y="3" z="3"/>
                </transform>
                <models>
                    <model file="sphere.3d">
                    <texture file = "urano.jpg" />
                    </model>       
                </models>
        </group>
        
        
            <group>     <!--Neptuno-->
                <transform>
                    <translate time="9" align="True">
                    	<point x="280.000000" y="0" z="0.000000"/>
			            <point x="226.524758" y="0" z="164.579871"/>
			            <point x="86.524758" y="0" z="266.295825"/>
			            <point x="-86.524758" y="0" z="266.295825"/>
			            <point x="-226.524758" y="0" z="164.579871"/>
			            <point x="-280.000000" y="0" z="0.000000"/>
			            <point x="-226.524758" y="0" z="-164.579871"/>
			            <point x="-86.524758" y="0" z="-266.295825"/>
			            <point x="86.524758" y="0" z="-266.295825"/>
			            <point x="226.524758" y="0" z="-164.579871"/>
		        </translate>
                    <scale x="3" y="3" z="3"/>
                </transform>
                <models>
                    <model file="sphere.3d">
                    <texture file = "neptuno.jpg" />
                    </model>       
                </models>
            </group>
        
        
        


      

            <group>     <!--asteroid-->
                <transform>
                    <translate time="20" align="True">
                        <point x="-300.000000" y="0" z="0.000000"/>
                        <point x="-294.000000" y="0" z="69.649121"/>
                        <point x="-288.000000" y="0" z="98.000000"/>
                        <point x="-282.000000" y="0" z="119.411055"/>
                        <point x="-276.000000" y="0" z="137.171426"/>
                        <point x="-270.000000" y="0" z="152.561463"/>
                        <point x="-264.000000" y="0" z="166.240789"/>
                        <point x="-258.000000" y="0" z="178.602912"/>
                        <point x="-252.000000" y="0" z="189.905240"/>
                        <point x="-246.000000" y="0" z="200.327232"/>
                        <point x="-240.000000" y="0" z="210.000000"/>
                        <point x="-234.000000" y="0" z="219.022830"/>
                        <point x="-228.000000" y="0" z="227.473075"/>
                        <point x="-222.000000" y="0" z="235.412404"/>
                        <point x="-216.000000" y="0" z="242.890922"/>
                        <point x="-210.000000" y="0" z="249.949995"/>
                        <point x="-204.000000" y="0" z="256.624239"/>
                        <point x="-198.000000" y="0" z="262.942960"/>
                        <point x="-192.000000" y="0" z="268.931218"/>
                        <point x="-186.000000" y="0" z="274.610633"/>
                        <point x="-180.000000" y="0" z="280.000000"/>
                        <point x="-174.000000" y="0" z="285.115766"/>
                        <point x="-168.000000" y="0" z="289.972412"/>
                        <point x="-162.000000" y="0" z="294.582756"/>
                        <point x="-156.000000" y="0" z="298.958191"/>
                        <point x="-150.000000" y="0" z="303.108891"/>
                        <point x="-144.000000" y="0" z="307.043971"/>
                        <point x="-138.000000" y="0" z="310.771620"/>
                        <point x="-132.000000" y="0" z="314.299220"/>
                        <point x="-126.000000" y="0" z="317.633437"/>
                        <point x="-120.000000" y="0" z="320.780299"/>
                        <point x="-114.000000" y="0" z="323.745270"/>
                        <point x="-108.000000" y="0" z="326.533306"/>
                        <point x="-102.000000" y="0" z="329.148902"/>
                        <point x="-96.000000" y="0" z="331.596140"/>
                        <point x="-90.000000" y="0" z="333.878720"/>
                        <point x="-84.000000" y="0" z="336.000000"/>
                        <point x="-78.000000" y="0" z="337.963016"/>
                        <point x="-72.000000" y="0" z="339.770511"/>
                        <point x="-66.000000" y="0" z="341.424955"/>
                        <point x="-60.000000" y="0" z="342.928564"/>
                        <point x="-54.000000" y="0" z="344.283314"/>
                        <point x="-48.000000" y="0" z="345.490955"/>
                        <point x="-42.000000" y="0" z="346.553026"/>
                        <point x="-36.000000" y="0" z="347.470862"/>
                        <point x="-30.000000" y="0" z="348.245603"/>
                        <point x="-24.000000" y="0" z="348.878202"/>
                        <point x="-18.000000" y="0" z="349.369432"/>
                        <point x="-12.000000" y="0" z="349.719888"/>
                        <point x="-6.000000" y="0" z="349.929993"/>
                        <point x="0.000000" y="0" z="350.000000"/>
                        <point x="6.000000" y="0" z="349.929993"/>
                        <point x="12.000000" y="0" z="349.719888"/>
                        <point x="18.000000" y="0" z="349.369432"/>
                        <point x="24.000000" y="0" z="348.878202"/>
                        <point x="30.000000" y="0" z="348.245603"/>
                        <point x="36.000000" y="0" z="347.470862"/>
                        <point x="42.000000" y="0" z="346.553026"/>
                        <point x="48.000000" y="0" z="345.490955"/>
                        <point x="54.000000" y="0" z="344.283314"/>
                        <point x="60.000000" y="0" z="342.928564"/>
                        <point x="66.000000" y="0" z="341.424955"/>
                        <point x="72.000000" y="0" z="339.770511"/>
                        <point x="78.000000" y="0" z="337.963016"/>
                        <point x="84.000000" y="0" z="336.000000"/>
                        <point x="90.000000" y="0" z="333.878720"/>
                        <point x="96.000000" y="0" z="331.596140"/>
                        <point x="102.000000" y="0" z="329.148902"/>
                        <point x="108.000000" y="0" z="326.533306"/>
                        <point x="114.000000" y="0" z="323.745270"/>
                        <point x="120.000000" y="0" z="320.780299"/>
                        <point x="126.000000" y="0" z="317.633437"/>
                        <point x="132.000000" y="0" z="314.299220"/>
                        <point x="138.000000" y="0" z="310.771620"/>
                        <point x="144.000000" y="0" z="307.043971"/>
                        <point x="150.000000" y="0" z="303.108891"/>
                        <point x="156.000000" y="0" z="298.958191"/>
                        <point x="162.000000" y="0" z="294.582756"/>
                        <point x="168.000000" y="0" z="289.972412"/>
                        <point x="174.000000" y="0" z="285.115766"/>
                        <point x="180.000000" y="0" z="280.000000"/>
                        <point x="186.000000" y="0" z="274.610633"/>
                        <point x="192.000000" y="0" z="268.931218"/>
                        <point x="198.000000" y="0" z="262.942960"/>
                        <point x="204.000000" y="0" z="256.624239"/>
                        <point x="210.000000" y="0" z="249.949995"/>
                        <point x="216.000000" y="0" z="242.890922"/>
                        <point x="222.000000" y="0" z="235.412404"/>
                        <point x="228.000000" y="0" z="227.473075"/>
                        <point x="234.000000" y="0" z="219.022830"/>
                        <point x="240.000000" y="0" z="210.000000"/>
                        <point x="246.000000" y="0" z="200.327232"/>
                        <point x="252.000000" y="0" z="189.905240"/>
                        <point x="258.000000" y="0" z="178.602912"/>
                        <point x="264.000000" y="0" z="166.240789"/>
                        <point x="270.000000" y="0" z="152.561463"/>
                        <point x="276.000000" y="0" z="137.171426"/>
                        <point x="282.000000" y="0" z="119.411055"/>
                        <point x="288.000000" y="0" z="98.000000"/>
                        <point x="294.000000" y="0" z="69.649121"/>
                        <point x="300.000000" y="0" z="-0.000000"/>
                        <point x="294.000000" y="0" z="-69.649121"/>
                        <point x="288.000000" y="0" z="-98.000000"/>
                        <point x="282.000000" y="0" z="-119.411055"/>
                        <point x="276.000000" y="0" z="-137.171426"/>
                        <point x="270.000000" y="0" z="-152.561463"/>
                        <point x="264.000000" y="0" z="-166.240789"/>
                        <point x="258.000000" y="0" z="-178.602912"/>
                        <point x="252.000000" y="0" z="-189.905240"/>
                        <point x="246.000000" y="0" z="-200.327232"/>
                        <point x="240.000000" y="0" z="-210.000000"/>
                        <point x="234.000000" y="0" z="-219.022830"/>
                        <point x="228.000000" y="0" z="-227.473075"/>
                        <point x="222.000000" y="0" z="-235.412404"/>
                        <point x="216.000000" y="0" z="-242.890922"/>
                        <point x="210.000000" y="0" z="-249.949995"/>
                        <point x="204.000000" y="0" z="-256.624239"/>
                        <point x="198.000000" y="0" z="-262.942960"/>
                        <point x="192.000000" y="0" z="-268.931218"/>
                        <point x="186.000000" y="0" z="-274.610633"/>
                        <point x="180.000000" y="0" z="-280.000000"/>
                        <point x="174.000000" y="0" z="-285.115766"/>
                        <point x="168.000000" y="0" z="-289.972412"/>
                        <point x="162.000000" y="0" z="-294.582756"/>
                        <point x="156.000000" y="0" z="-298.958191"/>
                        <point x="150.000000" y="0" z="-303.108891"/>
                        <point x="144.000000" y="0" z="-307.043971"/>
                        <point x="138.000000" y="0" z="-310.771620"/>
                        <point x="132.000000" y="0" z="-314.299220"/>
                        <point x="126.000000" y="0" z="-317.633437"/>
                        <point x="120.000000" y="0" z="-320.780299"/>
                        <point x="114.000000" y="0" z="-323.745270"/>
                        <point x="108.000000" y="0" z="-326.533306"/>
                        <point x="102.000000" y="0" z="-329.148902"/>
                        <point x="96.000000" y="0" z="-331.596140"/>
                        <point x="90.000000" y="0" z="-333.878720"/>
                        <point x="84.000000" y="0" z="-336.000000"/>
                        <point x="78.000000" y="0" z="-337.963016"/>
                        <point x="72.000000" y="0" z="-339.770511"/>
                        <point x="66.000000" y="0" z="-341.424955"/>
                        <point x="60.000000" y="0" z="-342.928564"/>
                        <point x="54.000000" y="0" z="-344.283314"/>
                        <point x="48.000000" y="0" z="-345.490955"/>
                        <point x="42.000000" y="0" z="-346.553026"/>
                        <point x="36.000000" y="0" z="-347.470862"/>
                        <point x="30.000000" y="0" z="-348.245603"/>
                        <point x="24.000000" y="0" z="-348.878202"/>
                        <point x="18.000000" y="0" z="-349.369432"/>
                        <point x="12.000000" y="0" z="-349.719888"/>
                        <point x="6.000000" y="0" z="-349.929993"/>
                        <point x="0.000000" y="0" z="-350.000000"/>
                        <point x="-6.000000" y="0" z="-349.929993"/>
                        <point x="-12.000000" y="0" z="-349.719888"/>
                        <point x="-18.000000" y="0" z="-349.369432"/>
                        <point x="-24.000000" y="0" z="-348.878202"/>
                        <point x="-30.000000" y="0" z="-348.245603"/>
                        <point x="-36.000000" y="0" z="-347.470862"/>
                        <point x="-42.000000" y="0" z="-346.553026"/>
                        <point x="-48.000000" y="0" z="-345.490955"/>
                        <point x="-54.000000" y="0" z="-344.283314"/>
                        <point x="-60.000000" y="0" z="-342.928564"/>
                        <point x="-66.000000" y="0" z="-341.424955"/>
                        <point x="-72.000000" y="0" z="-339.770511"/>
                        <point x="-78.000000" y="0" z="-337.963016"/>
                        <point x="-84.000000" y="0" z="-336.000000"/>
                        <point x="-90.000000" y="0" z="-333.878720"/>
                        <point x="-96.000000" y="0" z="-331.596140"/>
                        <point x="-102.000000" y="0" z="-329.148902"/>
                        <point x="-108.000000" y="0" z="-326.533306"/>
                        <point x="-114.000000" y="0" z="-323.745270"/>
                        <point x="-120.000000" y="0" z="-320.780299"/>
                        <point x="-126.000000" y="0" z="-317.633437"/>
                        <point x="-132.000000" y="0" z="-314.299220"/>
                        <point x="-138.000000" y="0" z="-310.771620"/>
                        <point x="-144.000000" y="0" z="-307.043971"/>
                        <point x="-150.000000" y="0" z="-303.108891"/>
                        <point x="-156.000000" y="0" z="-298.958191"/>
                        <point x="-162.000000" y="0" z="-294.582756"/>
                        <point x="-168.000000" y="0" z="-289.972412"/>
                        <point x="-174.000000" y="0" z="-285.115766"/>
                        <point x="-180.000000" y="0" z="-280.000000"/>
                        <point x="-186.000000" y="0" z="-274.610633"/>
                        <point x="-192.000000" y="0" z="-268.931218"/>
                        <point x="-198.000000" y="0" z="-262.942960"/>
                        <point x="-204.000000" y="0" z="-256.624239"/>
                        <point x="-210.000000" y="0" z="-249.949995"/>
                        <point x="-216.000000" y="0" z="-242.890922"/>
                        <point x="-222.000000" y="0" z="-235.412404"/>
                        <point x="-228.000000" y="0" z="-227.473075"/>
                        <point x="-234.000000" y="0" z="-219.022830"/>
                        <point x="-240.000000" y="0" z="-210.000000"/>
                        <point x="-246.000000" y="0" z="-200.327232"/>
                        <point x="-252.000000" y="0" z="-189.905240"/>
                        <point x="-258.000000" y="0" z="-178.602912"/>
                        <point x="-264.000000" y="0" z="-166.240789"/>
                        <point x="-270.000000" y="0" z="-152.561463"/>
                        <point x="-276.000000" y="0" z="-137.171426"/>
                        <point x="-282.000000" y="0" z="-119.411055"/>
                        <point x="-288.000000" y="0" z="-98.000000"/>
                        <point x="-294.000000" y="0" z="-69.649121"/>
	                </translate>
                        <scale x="5" y="5" z="5"/>
                    </transform>
                <models>
                    <model file="bezier.3d">  
                    <texture file = "asteroide.jpg" />
                    </model>     
                </models>
        </group>
    </group>
</world>
